"DESCRIPTION","DURATION IN MS","NAME","PARENT SUITE","START TIME","STATUS","STOP TIME","SUB SUITE","SUITE","TEST CLASS","TEST METHOD"
"","2060","Create course","LMS system","2026-10-03","passed","2026-10-03","Courses","Courses","",""
"","1618","User login with wrong email or password","LMS system","2026-10-03","passed","2026-10-03","Authorization","Authentication","",""
"","2312","Registration with correct email, username and password","LMS system","2026-10-03","passed","2026-10-03","Registration","Authentication","",""
"","2042","Check displaying of dashboard page","LMS system","2026-10-03","passed","2026-10-03","Dashboard","Dashboard","",""
"","2428","User login with correct email or password","LMS system","2026-10-03","passed","2026-10-03","Authorization","Authentication","",""
"","1658","Navigation from login page to registration page","LMS system","2026-10-03","passed","2026-10-03","Authorization","Authentication","",""
"","1690","User login with wrong email or password","LMS system","2026-10-03","passed","2026-10-03","Authorization","Authentication","",""
"","2042","Edit course","LMS system","2026-10-03","passed","2026-10-03","Courses","Courses","",""
"","1888","Check displaying of empty courses list","LMS system","2026-10-03","passed","2026-10-03","Courses","Courses","",""
"","1753","User login with wrong email or password","LMS system","2026-10-03","passed","2026-10-03","Authorization","Authentication","",""
